n,tempo_ms,desvio
10000,0.285358,0.1912948353615434
20000,0.572704,0.45160489632420947
30000,0.7576960000000001,0.5089219413466076
40000,0.748192,0.5224096709824579
50000,2.2003120000000003,4.68201440466131
60000,2.090848,1.5388685135826259
70000,2.780978,3.204052775800673
80000,4.755019999999999,5.999719383571202
90000,5.281003999999999,4.7375421145551835
100000,4.735843999999999,4.748169136000107
