n,tempo_ms,desvio
10000,0.21946599994407734,0.12718122598252793
20000,0.3301539998210501,0.1800328650714662
30000,0.552802000020165,0.2607494188644447
40000,0.708750000121654,0.36258670255237363
50000,1.0181420000299113,0.6973359268562487
60000,1.5409480002199416,1.0947382617200465
70000,1.2579439999899478,0.7585715970286949
80000,1.2755819999802043,0.6166227807077984
90000,1.5554040000279201,0.9128538411095243
100000,1.6139700000712764,0.859019884204518
