n,tempo_ms,desvio
10000,0.029257999999999996,0.020676044979637667
20000,0.076524,0.08111274760480006
30000,0.07851599999999999,0.04034420582933812
40000,0.120016,0.06201023902550288
50000,0.12811,0.08196524202367732
60000,0.14716,0.08548374816302803
70000,0.137832,0.11521122764730876
80000,0.251,0.10254756164824204
90000,0.19729599999999997,0.27906997614218554
100000,0.37107999999999997,0.4069499305811466
